statement,actual_verdict,model_verdict
"""Bennie Thompson actively cheer-led riots in the ’90s.""",False,False
"Says Maggie Hassan was ""out of state on 30 days over the last three months.""",True,True
"""BUSTED: CDC Inflated COVID Numbers, Accused of Violating Federal Law""",False,False
"""There are actually only 30 countries that practice birthright citizenship.""",True,True
"""My husband and I have never gotten a penny of money from the farm.""",False,False
"""If you go strictly by the numbers, crime is down across the board. Last year we had a 10 percent decrease in the most serious crimes.""",True,True
"""The American people say, don't touch Social Security, don't touch Medicare, don't cut defense. That's 84 percent of the federal budget.""",True,False
"""Since 1978, CEO compensation rose over 1,000% and only 11.9% for average workers.""",True,True
"""Pot today is not the weed baby boomers were smoking.""",True,True
You may have driven the length of a football field in the five seconds it takes to check a text.,True,True
"""Update: van full of illegals caught voting at multiple Alabama polling locations.""",False,False
"Says Socrates said, ""When the debate is lost, slander becomes the tool of the losers.""",False,False
"""America used to be the third easiest country to get established in a business. It's now number 17.""",False,False
"""Republicans want to restore #gunrights to felons""",True,True
"""ISIS is in 32 countries.""",True,False
"In manufacturing, ""I brought back 700,000 jobs. (Obama and Biden) brought back nothing.""",False,False
"When Roy Barnes was governor, ""Georgia created 235,000 jobs.""",True,True
"Says the Congressional Budget Office ""is expecting a protracted economic malaise for at least the next decade under current policies.""",True,True
Wisconsin was the last state to start paying COVID-related federal unemployment benefits.,True,False
"The expanded child tax credit in the Build Back Better Act has ""no means testing,"" so people making $200,000 and $400,000 would get ""the same as someone making"" $70,000.",False,True
"""22 Countries Invaded by the U.S. in 20 Years.""",False,False
"""Today Russia holds many of our most precious national security satellites at risk before they ever get off the ground.""",True,True
Says actor Mike Mitchell died because of a COVID-19 booster shot.,False,False
"Under a proposal by Rep. Paul Ryan, people on Medicare will only have $15,000 from the federal government to spend on their health care.",False,True
"""We've just now given over $100 billion"" to Iran, ""the equivalent in U.S. terms is $5 trillion.""",True,False
"""CDC COVID-19 survival rates"" are 99.997% for people ages 0 to 19, 99.98% for people ages 20 to 49, 99.5% for people ages 50 to 69, and 94.6% for people over 70.",False,False
"""Europe and U.S. households waste 15 times more food than a person in Africa.""",True,True
Says Central Texas river water sent to downstream rice farmers in 2011 equaled about three years’ worth of Austin’s water use.,True,False
"The health care law is ""the largest tax [increase] in the history of our country""",False,False
"Says John F. Kennedy said, ""What if we go to heaven and we, all our lives, have treated the Negro as an inferior, and God is there, and we look up and He is not white? What then is our response?""",False,False
"Sen. Clinton said ""the surge of troops in Iraq was 'working.' Now.... Sen. Clinton says the surge 'has failed' and that we should 'begin the immediate withdrawal of U.S. troops.'""",False,True
"Recent solar energy policies in Georgia ""have resulted in rate hikes and did not result in solar becoming any more economically viable.""",False,True
"Says there were only ""about eight or 10"" inflammatory sentences in his newsletters.",False,True
"Says Charlie Crist's campaign bashed Sen. Bill Nelson's ""big-government solutions.""",False,True
"""Black Lives Matter is a terrorist organization.""",False,False
"Zika mosquitoes ""can’t catch me.""",True,True
Video shows man mocking police in Germany.,False,True
"The city of Brookhaven’s ordinance could cause the Pink Pony to close, thereby ""putting 300 Pink Pony employees out of work in this economy.""",True,True
"""The Supreme Court ruled that border agents can enter anyone’s home within a 100-mile radius of the border without a warrant for any reason and federal courts cannot do anything about it.""",False,False
"Florida's economy ""became a bad economy ... because of a huge spike in oil prices in the summer of 2008.""",False,True
"Says Donald Trump supports ""an agenda out there"" to privatize the Veterans Affairs health care system.",False,True
"""From 1917 to 1994, half of the bills that were successfully filibustered in the Senate were civil rights legislation.""",True,False
"A study ""suggests that even after two years of hormone therapy, biological boys still maintain significant advantages over girls, including being 12% faster on the 1.5-mile run.""",False,False
"""More private-sector jobs were created in the first eight months of 2010 than in the eight years of the Bush administration.""",True,False
"Says Barack Obama's health care law ""will be the biggest job-killer ever.""",False,True
"""Vagina. Because apparently, saying that word in the Michigan State House of Representatives can get you a two-day ban from speaking on the floor.""",True,True
"""Barack Obama, right now, No. 1, over seven years has dramatically degraded our military.""",False,False
"Terry McAuliffe ""wants to raise your taxes $1,700 to pay for his infinite promises.""",False,False
"""Thousands of Westerners and Americans"" are fighting with extremists in eastern Syria and Iraq.",True,True
"Says Ron Johnson said Americans should go back to work, because ""death is an unavoidable part of life.""",True,True
"""Hillary interned with Bob Treuhaft, the head of the California Communist Party.""",False,True
"Says Texas gained 21,000 doctors due to tort reform.",False,True
"""Our ranking in terms of the best and worst states to do business in was 43 four years ago, and we just moved up to 17 two weeks ago.""",True,True
"California’s Prop 55 ""prevents $4 billion in new cuts to our schools.""",False,True
"Says that under Rick Perry’s plan, ""Texas has cut funding for public schools by 25%.""",True,True
"The Obama administration is ""cutting back on defense""",True,True
"The Democratic health care plan is a ""government takeover of our health programs.""",False,False
"Democratic candidate Jeff Greene ""ran for Congress as a California Republican.""",True,True
"""122 vicious prisoners, released by the Obama Administration from Gitmo, have returned to the battlefield.""",False,False
"""Republicans enacted the most drastic cuts to K-12 public schools of any state in the nation.""",False,True
"""In 2009, his first year as mayor,"" Julián Castro ""received a seven-figure referral fee"" that smells like a dirty financial gift ""from notorious personal injury lawyer Mikal Watts, a major Obama donor.""",False,False
"Mark Warner cast ""the tiebreaking vote"" to pass Obamacare.",False,False
"A statewide poll showing 76 percent support and other surveys are a ""strong indicator"" of  broad public support in Milwaukee County for a $10.10 minimum wage",True,True
"Says news stories referencing 322 and COVID-19 are proof cases are being ""synchronized""",False,False
A photo of a homeless camp on old railroad tracks is present-day Los Angeles.,False,True
"Says Adam Sandler said ""Mormons are some of the most decent people I’ve ever come across.""",False,True
Says he and Mitt Romney agreed on tying minimum wage increases to inflation.,True,True
"""U.S. taxpayers are being forced to fund Feisal Abdul Rauf’s trip to the Middle East.""",True,True
"""We’ve been down this road before—blanket protectionism is a big part of why America had a Great Depression.""",True,False
All the talk about socialism during the campaign made young people more interested in it by Election Day.,False,False
Says Democrats cut $35 million from the state budget for Information Technology improvements.,False,False
John Paul Stevens is the only Protestant on the U.S. Supreme Court.,True,True
"""Expanding Medicaid will worsen health care options for the most vulnerable among us in Texas.""",False,True
"Forty-five percent of doctors ""say they'll quit"" if health care reform passes.",False,False
"Says Donald Trump is ""the first person running for president, Republican or Democrat, who refused to say that he would respect the results of this election.""",True,True
"Says a Texas Senate committee considering ""private school voucher"" legislation randomly called people to testify regardless of when the people submitted requests to testify.",True,False
"Says New York Democrat Jenna Tull was recorded saying, ""Americans should be euthanized when they hit 70. They just become too dumb….and think of the money we’d save!""",False,False
"The Orlando shooter used ""a weapon of war.""",True,True
"Says Republican Gov. Phil Scott ""just voted to impeach President Trump.""",False,False
"""No Bridge to Nowhere could occur.""",False,True
"""Over 65% of the country believes that (the) 2020 election was fraudulent. That number was around 35% a year ago.""",False,False
"""Paul Workman wants to raise the sales tax.""",False,True
"The state constitution ""clearly says there’s not to be a state income tax in Tennessee.""",False,False
"""My 7-step plan"" creates 700,000 jobs in 7 years.",True,True
"""During the last five years, Iran has perpetrated terror attacks in 25 different countries on five continents.""",True,True
"Says Denzel Washington left the Democratic Party because he’s ""had it with the lies.""",False,False
"""This issue of busing voters in to New Hampshire is widely known by anyone who’s worked in New Hampshire politics. It’s very real, it’s very serious.""",False,False
"""Over 200 of our 520 school districts did not have a single student in physics.""",False,True
"""Job losses are so certain under this new cap-and-tax plan that it includes a provision accommodating newly unemployed workers from the resulting dried-up energy sector, to the tune of $4.2 billion over eight years. So much for creating jobs.""",True,True
"The U.S. ""tax rate on successful small businesses is 44.6 percent,"" while the business tax rate in Canada is 15 percent.",True,True
"""Since the beginning of the economic downturn in FY 2008, the state workforce has been reduced by 12.4 percent as part of overall cost savings measures to balance the budget to reduce revenues.""",False,False
"""We bring in enough tax revenue to service our debt, pay for Medicare and Medicaid and Social Security, and then still have about $300 (billion) or $400 billion left over.""",True,False
"Says ""Kamala Harris is not able to be VP. Because she's a felon. She lied on her application to buy a gun here in CA.""",False,False
"John McCain opposed bankruptcy protections for families ""who were only in bankruptcy because of medical expenses they couldn't pay.""",True,True
"Says her accomplishments include ""a fiscally responsible budget agreement that controls state spending.""",False,True
"Says President Obama’s deal ""allows Iran to produce a nuclear weapon.""",False,False
"Says ""Donald Trump says climate change is a hoax invented by the Chinese.""",True,True
"""At least 450,000 ballots in the key states ... miraculously only have a mark for Joe Biden on them, and no other candidate.""",False,False
"""More than 70 percent of American adults have committed a crime that could lead to imprisonment.""",True,True
"Tampa Bay is ""leading the state in jobs creation.""",False,False
"The IRS is going to be ""in charge"" of ""a huge national database"" on health care that will include Americans’ ""personal, intimate, most close-to-the-vest-secrets.""",False,False
"""Newly discovered video shows late night deliveries of tens of thousands of illegal ballots 8 hours after deadline.""",False,False
"Says Donald Trump ""literally has no plans to make higher education more affordable.""",True,True
"Post says a recent bill passed, and ""We get another stimulus check for $2500 at July 30, 2021""",False,False
"With voting by mail, ""you get thousands and thousands of people sitting in somebody's living room, signing ballots all over the place.""",False,False
"Says he is ""cutting illegal immigration in half.""",False,False
"""There is racism physically built into some of our highways.""",True,True
"Austin has ""over 1,000 city employees that make six-figure salaries.""",True,True
"Says John Bolton ""fundamentally was a man of the left.""",False,False
"A German doctor discovered the COVID-19 vaccines include graphene oxide or graphene hydroxide, and the full list of ingredients is secret because of the emergency use authorization.",False,False
Says he lived in a colonia while working as a farm worker.,False,True
"""The Republicans have demanded deep cuts in education. They've demanded cuts in cancer research and other research to find cures and treatments to diseases.""",True,False
"""75% of Republicans have been vaccinated"" against COVID-19 in Illinois.",False,False
"""Creating 25 jobs in Umatilla County has the same impact as 500 jobs in the metro region.""",True,True
"""When I become the nominee, the Democratic nominee, I will be the only pro-choice candidate on the ballot.""",True,True
"Financial conflict-of-interest ""laws don't apply to the president, right? So, the president doesn't have to have a blind trust.""",True,True
"Says ""J.B. Pritzker’s tax plan"" includes a ""new tax per mile you drive with government tracking device.""",False,False
"""Given how expansive our program already was,"" expanding Medicaid in New Jersey due to Obamacare ""was a relatively small expansion.""",True,True
"Says a federal judge ""sanctions Tennessee ‘birther’ lawyer … for bringing a frivolous lawsuit.""",True,True
"On new dollar coins, ""'In God We Trust' is gone!""",False,False
"Says ""over 1 million signatures"" were submitted in attempt to recall Gov. Scott Walker.",False,True
"""All the billionaires in America, their net worth combined … has increased by $800 billion"" during the pandemic.",True,True
"""PWNED: House GOP Dominates Twitter, YouTube, Social Media in Congress.""",True,True
"""This year, the federal government will have more revenue than any year in the history of our country.""",True,True
Says ex-Minneapolis officer accused of killing George Floyd commits suicide in prison cell.,False,False
"""59 percent of Americans today believe that Barack Obama is still a Muslim.""",False,False
The average age of planes in the Qatar Airways fleet is about four years while Delta Air Lines flies planes that are 35 years old.,False,False
"Hillary Clinton said, ""with a straight face, that the terrorist attacks this weekend were caused by Donald J. Trump""",True,False
"""Whether you like to admit it or not, half our general revenue goes to education.""",True,False
"""By the time I finish this speech, two Americans will be slain, six women will be raped, 27 of us will be robbed, and 50 more will be beaten.""",True,True
Darryl Hicks had seven ethics violations and didn't pay most of the fines.,True,False
"""The word progressive ... was created as a substitute for ‘communist’.""",False,False
"Says that in polls about 2016 candidate leadership skills, he comes out ""two and three and four times higher than anybody else.""",True,True
"""By using a little-known loophole ... Obama minions are allowing Nestle Company to export precious fresh water out of Lake Michigan.""",False,False
Says Obama flip-flopped on banning handguns.,True,False
"The ""3 red stripes"" in Joe Biden’s campaign logo refer to a Chinese socialist slogan.",False,False
"""You can go to Georgia and make about $6,000 more a year as a teacher.""",True,True
"""The Iranians continue – in the view of every objective observer – continue to pursue the acquisition of nuclear weapons.""",False,True
A photo of a burned cat is from the Australia wildfires.,False,False
"Says Beto O’Rourke is ""open to abolishing ICE.""",True,True
The minimum wage has risen $2.35 in the last two years. That's 31 percent.,False,False
There is no ‘backlog’ of untested rape kits in Wisconsin.,False,False
"""There are 63 million abortions a year in this country.""",False,False
"Ted Cruz is ""unknown to the vast majority of Texans.""",False,True
"""Sen. Obama has declared, and repeatedly reaffirmed his intention to meet the president of Iran without any preconditions.""",True,True
"According to the U.S. Census Bureau, 71.2 percent of Hispanic registered voters in Texas and over 86 percent of African American registered voters participated in the 2012 elections.",True,False
"A wind turbine ""could never generate as much energy as was invested in building it.""",False,False
"""During my administration, for example, we boosted U.S. exports to Canada and Mexico by about 50 percent. That supports about 2.8 million American jobs.""",False,False
"""We saw the true danger of the FCC's net neutrality repeal when Verizon was caught throttling California fire fighters.""",True,False
"Scott Walker ""had a 2.3 GPA when he was asked to leave Marquette University for cheating.""",False,False
"""I saw my father march with Martin Luther King.""",False,False
"Says 2012 was the ""first year in American history that more minorities are being born than people in the majority.""",True,True
"A proposed constitutional amendment ""will pave the way for making abortion illegal under North Carolina’s constitution.""",False,False
"""‘Simple math’ shows Biden claims 13 million more votes than there were eligible voters who voted in 2020 election.""",False,False
"""Heidi Cruz, Ted’s wife, is managing director of Goldman Sachs. They oversee the Texas utilities.""",False,False
"Monkeypox is biological warfare ""against us by our governments.""",False,False
"""A Florida judge ruled parts of Obamacare unconstitutional.""",True,True
"""So far this year, more students have been killed in schools than soldiers in combat zones.""",True,True
"Say Nancy Pelosi’s net worth is $196,299,990.",False,False
"The budget currently being debated ""significantly decreases the use of one-time resources.""",True,True
"It's ""not true"" that since he's been the president, executions in Iran have increased by four times.",False,False
"""Democrats just elected (include)… a man who preys on underage prostitutes … and an anti-semitic racist who beats women.""",False,False
"""Overwhelming Democrat and Republican votes"" in 2011 for legislation in two special sessions on jobs demonstrated the bipartisan nature of the Wisconsin Legislature.",False,True
"""To deprive"" underprivileged children ""of a meat-based protein during school lunch is most likely depriving them of their only source of protein for the day.""",False,True
"""Handel endorsed gay adoption"" in 2003 when she was running for chairwoman of the Fulton County Commission.",False,False
"""We have to recognize that our salaries for faculty are the lowest in New England with the exception of the University of Maine.""",True,True
"Research from Japan shows ""ivermectin is effective against omicron in Phase III trial.""",False,False
"""I led the fight to require the Coast Guard to buy their engines from us, not foreign companies.""",False,True
Suzanne Bonamici votes with her party a partisan 98 percent of the time.,True,False
"A New York law makes it ""now perfectly legal to murder"" a baby a minute before it would be born.",False,False
"Gas prices have gone up 99 percent since Obama became president, ""the highest gas price increase since Carter.""",False,False
"""DEP has 2,812 employees, the lowest level since the mid-’80s.""",True,True
"The IRS is ""going to be in charge of our health care.""",False,False
"""I've taken on the federal government and won.""",True,True
"""Unlike the gridlock in Washington, more than 80 percent of the bills we passed during this General Assembly had bipartisan support.""",True,True
"""The ice caps were going to melt, they were going to be gone by now, but now they’re setting records, so okay, they’re at a record level.""",False,False
"""Barack Obama asked Ukraine to investigate his political rival's campaign manager, 3 Democrat senators asked Ukraine to investigate Trump, and the DNC solicited Ukraine's help to dig up dirt on Trump.""",False,False
"Says 1,000 people failed gun background checks in Wisconsin in 2018, but ""almost none of them were prosecuted for trying to do a background check and illegally buy a weapon.""",True,True
"""Registered Republican not allowed to vote.""",False,False
"Says Bernie Sanders ""is the most popular politician in America today.""",True,True
"Says Dontre Hamilton, who was killed during a confrontation with a Milwaukee police officer, was ""unarmed.""",True,False
"""How do Jeb Bush and Donald Trump differ on immigration? Spoiler alert: They don't.""",False,True
"Adam Laxalt ""wants to restrict"" and ""worked to limit access to birth control.""",True,True
"""Obamacare takes $500 billion out of Medicare and funds Obamacare.""",True,True
"Says the national health care law puts federal ""bureaucrats between an American citizen and her doctor.""",False,True
"When Obama was interviewed by American reporters in Asia, ""Not one of them asked me about Asia. Not one of them asked me about the economy.""",False,True
"Twenty million Americans are ""out of work.""",True,True
"""David Cicilline was the state representative who opposed tough mandatory sentences for those convicted of domestic violence  and child abuse.""",True,True
"Says Adolf Hitler ""didn't even sink to the level of using chemical weapons. ... He was not using the gas on his own people the same way that (Bashar al-)Assad is doing.""",False,False
"Texas is ""50th in the nation in mental health care access.""",True,True
"Quotes Ronald Reagan as saying, ""Keep voting Democrat ... One day they will restrict your freedoms, restrict your history and restrict your safety. All in the name of professional victims that don't understand the consequences of their ignorance.""",False,False
"""Nobody's addicted to"" marijuana.",False,False
"""It’s not that there’s a virus shield between Canada (4,500 deaths) and the U.S. (80,000 deaths). What exists is a difference in leadership.""",True,True
"Says that ""unlike Texas, Missouri has a perfect AAA credit rating.""",True,False
"Democrats in the 1930s wanted President Franklin Roosevelt ""to be more conservative.""",True,True
"""Texas has launched ‘Operation Lone Star’ to finish the border wall themselves.""",False,False
"""The president has exploded the debt by more than $3 trillion — all to give billion-dollar tax cuts to the wealthiest few.""",True,False
"Says Sen. Luther Olsen, his recall opponent, supported the sale of state-owned power plants ""not to the highest bidder, but to the biggest donors"" with no oversight.",False,True
"""Ford is moving all of their small-car production to Mexico.""",True,True
"""At least 10 ISIS fighters have been caught coming across the Mexican border in Texas"" and there are ""dozens more that did not get caught by the Border Patrol.""",False,False
"""The geography of poverty has changed fundamentally in the last 15 years,"" with more of it concentrated in fragile and conflict states.",True,True
"Says Joe Biden’s Democratic National Convention speech ""had to be taped in segments, and the segments had to be edited together.""",False,False
"""Military arrests former President George W. Bush.""",False,False
"Says 50 percent of millennials don’t associate with ""any political party.""",True,False
"""In the last two years, I have supported and proposed $155 billion worth of targeting cuts. Dr. Gingrey has presented zero.""",True,True
Says Mitt Romney asked for a waiver from federal welfare rules.,False,False
"Says the health care reform bill was paid for, in part, by taking money from students and the student loan system.",True,True
"""Missouri still owes $60 million on bonds issued to build the 23-year-old Edward Jones Dome, the former home of the St. Louis Rams.""",False,False
"""Right now, our corrections department charges taxpayers between $30,000 and $40,000 a year per person we lock up,"" she said. ""That’s actually cheap when you compare us to the rest of the country.""",True,True
"Says he will pursue change in federal law to protect employees from ""extortion from a union"" because ""the Supreme Court has ruled that federal prohibitions outlawing extortion usually do not apply to unions.""",False,True
"""Of the states that have a lieutenant governor, many are currently discussing the need for such an obsolete office.""",False,True
"David Dewhurst has a ""record of promoting an income tax.""",False,True
"""No doctors who went to an American medical school will be accepting Obamacare.""",False,False
"Says if Texas abortion measure passes, ""someone living in El Paso would have to drive 550 miles each way to San Antonio for something as simple as cervical cancer screening.""",False,False
"""The McCarran-Walter Act of 1952 bans Muslims from holding public office in the United States.""",False,False
Seventy-five percent of the young adults in this country are not mentally or physically fit to serve.,True,True
Says Barack Obama has played over 90 rounds of golf as president.,True,True
"29 states still don’t have ""comprehensive protections"" for people in the LGBTQ community.",True,True
"""We've done more tests in eight days than South Korea has done in eight weeks.""",False,False
"George Allen ""voted to end Pell Grants for 84,000 students.""",True,False
"The DREAM Act the ""would give amnesty to over two million illegal aliens.""",False,True
"""I cast the deciding vote extending Medicaid health care coverage to 50,000 of our fellow citizens,""",False,False
"Barack Obama voted against ""born alive"" legislation in Illinois that was ""virtually identical to the federal law.""",True,True
"Says U.S. Rep. Stephen Fincher ""breaks earmark pledge.""",False,True
"""Estimates say individuals who escaped these high tax states have taken with them around $2 trillion in adjusted gross income.""",False,True
Photo shows Kim Jong Un’s weight loss,False,True
"""How is a misogynist bigot of epic proportions (like U.S. Rep. Steven Smith) allowed to serve?""",False,False
"Says Jonathan Gruber was ""some adviser who never worked on our staff.""",False,False
"""Barack Obama's nominee for 'regulatory czar' has advocated a 'Fairness Doctrine' for the Internet"" that would require links to opposing opinions.",True,True
"When Mitt Romney was governor of Massachusetts, he ""stood in front of a coal plant and pointed at it and said, ‘This plant kills.’""",True,True
"Says Gov. John  Kasich incorrectly claimed Ohio’s economy was 38th in the nation when he took office. ""We were sixth in the nation in terms of economic job growth.""",False,False
"""Out of 860 bills (Sen. Bill Nelson has) introduced in Congress, only 10 have passed.""",False,False
"Ryan Sitton’s company ""accepted over $650,000 in Obama stimulus dollars.""",False,True
Says withdrawing troops from Afghanistan could save the U.S. $50 billion.,False,True
"Seniors with coverage under Medicare Advantage will give up ""more than their share"" because of health care reform",True,False
Says Fox News gave Republican senators twice the air time as Democrats during a hearing about the Islamic State.,True,False
"John McCain wants to ""give oil companies another $4-billion"" in tax breaks.",True,True
"Says the photo ID law passed by North Carolina lawmakers is ""one of the nation’s most lenient voter ID laws.""",False,False
"Says ex-Lt. Gov. Evelyn Sanguinetti ""publicly did not stand in opposition to"" former Gov. Bruce Rauner’s decision to sign a bill that expanded the public funding of abortions in Illinois.",False,True
"""Dems Pass Bill to Vaccinate Children Without Parental Knowledge, Consent.""",True,True
"""We have been confronted with an unexpected storm that has hit the metropolitan area.""",False,True
"""Taxpayers even footed the bill for Perry’s trip to a bachelor party in Las Vegas.""",False,True
"""More than half of all black children live in single-parent households, a number that has doubled — doubled — since we were children.""",True,True
"""I've traveled the country advocating for the FairTax ...""",False,True
"Says she will ""work to raise the federal minimum wage back to the highest level it’s ever been — $12 an hour in today’s dollars.""",True,True
"The United Nations’ ""new world order"" agenda will create one world government with one world military and the end of national sovereignty.",False,False
"Says Barack Obama has ""the worst record of any president when it comes to putting America deeper in debt.""",True,False
"""The price tag amounted to nearly $4,200 for every man, woman and child in the state.""",False,False
"Says Republicans Mitt Romney and Paul Ryan support ""massive cuts in Social Security for future generations.""",True,True
"Voting-rights legislation proposed by Democrats in Congress called H.R. 1 ""would force states to restore the voting rights of convicted felons—including violent felons convicted of murder or rape.""",True,False
"Says signers of recall petitions against Wisconsin Gov. Scott Walker are at risk because of newly ""discovered"" provisions in state law.",False,False
"Says Sarah Huckabee Sanders tweeted, ""It’s ‘odd’ that the ANTIFA insurgency happened just as COVID-19 loses steam It’s ‘odd’ that COVID-19 happened the moment impeachment failed. It’s ‘odd’ that impeachment happened the moment Russian hoax failed. The Russian hoax happened because Hillary lost? Notice the pattern?""",False,False
"Says House Democrats leading the impeachment inquiry are ""denying President Trump basic fairness and due process accorded every American.""",False,True
"Chinese workers made ""90,000 banners"" for Trump’s 2020 re-election campaign and the president chose to hire ""Chinese workers instead of American workers""",False,True
"Raising the national minimum wage to $15 per hour ""would destroy up to 3.7 million jobs.""",False,True
"Hillary Clinton was against setting a deadline for withdrawal, but now she wants a ""precipitous withdrawal"" regardless of ""conditions on the ground"" or ""consequences of a defeat for the United States,"" an RNC radio ad.",True,True
"Says Texas GOP platform calls for end to teaching ""critical thinking"" in public schools.",True,True
"""At the PEAK of slavery in 1860, only 1.4% of Americans owned slaves. What your history books (don't) tell you is that 3,000 blacks owned a total of 20,000 slaves the same year.""",False,False
"On Virginia’s new marijuana law: ""You can have up to one pound with only a $25 fine.""",True,True
"""FDA finally admits dental fillings are toxic.""",False,False
"The projected $1.8 billion state budget shortfall for 2015-’17 ""actually comes from an assumption based on zero growth. That just doesn’t happen.""",False,True
Says Gov. Bob McDonnell's budget would cut pre-kindergarten programs.,False,False
"""People haven't had a raise -- 90 percent of Americans have not had a raise for 40 years.""",True,False
"""The Taliban went after and murdered"" people identified in the Chelsea Manning leaks.",False,True
"""Nobody is leaving Memphis. That's a myth.""",False,False
"""Corona is so bad, this guy died twice!""",False,False
"Says Alexandria Ocasio-Cortez tweeted, ""Let’s begin ‘The Purge’ to roundup all Conservative traitors.""",False,False
"""I come from the poorest ZIP code in San Antonio.""",True,True
"""Maxine Waters just introduced a bill to re-name Memorial Day — George Floyd Day.""",False,False
"""Apple has just announced it plans to invest a total of $350 billion in America, and hire another 20,000 workers.""",True,False
"""CORONAVIRUS: Reports of 10,000 DEAD in Wuhan, China.""",False,False
"Says President Barack Obama ""has taken less vacation days than any other president in a generation,"" while Congress ""has taken more vacation days than any other Congress in history.""",False,False
"Says that U.S. Sen. Marco Rubio says troops are leaving Iraq ""too fast.""",True,True
"The cap-and-trade bill will mean ""2 million jobs lost.""",False,False
"Veterans should vote Republican ""because the damn Democrats blocked the VA Healthcare bill again.""",False,False
Queens voters received pre-marked ballots for Joe Biden.,False,False
"""America is No. 1 in wind power.""",True,False
"Congressman Jeff Denham ""has agreed all illegal immigrants should be detained, arrested and deported.""",False,True
"In the past decade, K-12 funding has grown six times faster than the rate of enrollment.",True,False
"""We began seeing the increase in unaccompanied minors going back to last April 2020. This is not something that happened as a result of Joe Biden becoming president.""",True,True
"Says Hitler said, ""This year will go down in history. For the first time, a civilized nation has full gun registration! Our streets will be safer, our police more efficient, and the world will follow our lead into the future!""",False,False
Says Louie Anderson was flying to appear on Conan O’Brien’s show when he became ill a few weeks after receiving his third vaccine dose.,False,False
"In economic growth, ""Obama's best year was slower than Bill Clinton's worst year.""",True,True
"""The candidates controlled by Madigan, all of them have said, ‘The answer to our problems is a massive income tax hike.’ """,False,True
"Says Donald Trump ""has a long history of exporting jobs overseas.""",True,True
"Says a crisis actor played the parts of a shooting victim and the mothers of shooting victims in Las Vegas, Orlando and Thousand Oaks.",False,False
"""The Democrats are very sly. … (in New Hampshire) we have same day voter registration, and to be honest, when Massachusetts elections are not very close, they’re busing them in all over the place.""",False,False
"Mitt Romney said we should let foreclosures ""hit the bottom.""",True,True
"A president must ""obtain Congress' consent before formally accepting the Nobel Prize.""",False,False
"""Congress as a whole is less popular than it’s been since polling was invented.""",True,True
NPR posted a story about the Capitol breach before it happened.,False,False
"College students ""who are NOT U.S. Citizens and who get the PELL Grant"" plan to return to their home countries after getting free gas cards and child care.",False,False
"""On 60 Minutes, Joe said he never met with Hunter and the Burisma CEO. Well, here he is with both.""",False,False
"""In the state of Rhode Island 25 percent of our current physicians are graduates of for-profit medical schools.""",False,False
Did not vote for tax increases as a member of the West Miami City Commission.,False,True
"Says actor Dwayne ""The Rock"" Johnson wore a T-shirt stating: ""We Stand for the flag, we kneel for the fallen.""",False,True
"The incandescent light bulb ""has no effect whatever on the planet.""",False,False
"""Al-Qaida has grown fourfold in five years.""",True,True
"""Covid-19 is NOT killing people. Weak immune systems and bad doctors are.""",False,False
"Say ""Sam Hyde identified as perpitrator (sic) of Beirut explosion""",False,False
Cobb is one of the largest school systems (in the nation) that is debt free.,True,True
"Says ""Bill Clinton and George Bush both say build the Keystone XL.""",True,True
"Says Al Jazeera tweeted, ""#BreakingNews Taliban started abducting minor girls from their home. The parents who are refusing to give their daughters to Taliban are being killed by Taliban fighters.""",False,False
"""Joe Biden’s open border"" means that there are ""more Democrat voters pouring into this country.""",False,False
"""President Obama became the first president since Carter to leave the White House with a smaller federal prison population than when he took office.""",True,True
"Says Jeb Bush ""flip-flop-flip(ped) on immigration.""",True,True
"Elizabeth Townsend runs the elections office that omitted a school board race on a ballot and gave a School Board candidate ""faulty advice.""",False,True
"""They have 180 million people, families under what he wants to do, which will basically be socialized medicine — you won’t even have a choice — they want to terminate 180 million plans.""",False,False
"""For too long, Obamacare has caused high premiums and dismal coverage. ... Under Obamacare premiums in job-based coverage have increased by $3,775""",False,False
"""Any government-run 'public' plan ... creates an entitlement that will cost another $1 trillion over the next 10 years.""",True,True
"""Santorum also voted for a teapot museum in North Carolina.""",True,True
"""Nancy Pelosi vows Democrats will raise taxes if they take back the House.""",True,False
"""Very, very, very few people get a pat-down"" when they go through airport security.",False,False
"""A majority of the candidates on this stage have supported amnesty ... I have never supported amnesty.""",True,True
Four out of 10 homicides are committed by gun in this city.,True,True
"""The United States is the only industrialized, modernized country that does not already have a paid family medical leave program in place.""",True,True
"Under Obamacare, ""The IRS will have access to the American people’s protected health care information.""",False,True
"The Uvalde, Texas, school shooter was a ""transsexual leftist illegal alien named Salvatore Ramos.""",False,False
Health care premiums for consumers have doubled since 2001.,True,True
"""It's been nearly three weeks since the president has commented"" on questions about possible hidden wait lists at veterans hospitals.",True,True
An election worker in Georgia threw away a ballot.,False,False
"After Massachusetts passed a mandatory health insurance law ""their mortality rate went down...it saved lives.""",True,True
"""Today in America, 70 percent of us are earning the same or less than we were 12 years ago, and this is the first time that that has happened this side of World War II.""",True,True
"""Hunters contribute more than $500 million"" to West Virginia.",True,True
Says Scott Brown voted with President Barack Obama 70 percent of the time in 2011.,True,True
"Tax rates were significantly higher ""in the '40s, the '50s, and the '60s.""",True,True
"""I’ve released 22 years of my tax returns. You can go online and look. (Donald Trump) hasn’t released one.""",True,True
The U.S. ranks 37th in the world for health care.,True,True
"""I stopped requesting earmarks in 2008.""",True,True
"""California is growing a hell of a lot faster than Texas.""",True,False
Preventive care does not save the government money.,True,True
"Says Dr. Anthony Fauci in an email ""advises a family member to use (hydroxychloroquine) and antibiotic therapy, the same evening in which in a press conference he attacked (President Donald Trump) on the usefulness of (hydroxychloroquine) to fight the virus.""",False,False
"Says the U.S. election system is ""rigged.""",False,True
"""Trey Radel does not even qualify to drive a Lee County school bus at this point, yet he occupies a seat in Congress.""",True,True
"Under energy efficiency legislation sponsored by U.S. Sen. Jeanne Shaheen, ""federal bureaucrats could take over the local building code enforcement in your city if so-called ‘green mandates’ are not complied with quickly enough.""",False,False
"""There's never been a (U.S. Supreme Court) vacancy in the last, I think, 30 years, lasting longer than 237 days.""",True,True
"""The average age a child is trafficked into the commercial sex trade industry is between 11 and 14 years old.""",True,False
The health care reform bill -- on Page 16 -- outlaws private insurance.,False,False
"""Italian Parliament Calls For The Arrest of Bill Gates""",False,False
"Says Rep. Kyrsten Sinema supported a bill that is ""essentially encouraging child trafficking.""",False,True
"China is or soon will be ""the largest English-speaking nation"" in the world.",True,False
Says Mitt Romney has changed his position on supporting the TARP program.,False,False
"It’s legal to ""sign a recall petition (against Gov. Scott Walker) even if you have already signed another recall petition,"" but only one signature counts",True,True
"""We closed that plant down. It was a $27 million-dollar plant, operating full steam, and we closed it down.""",True,True
"""Religious groups like Knights of Columbus have been forced to allow same-sex marriage ceremonies in their facilities, against their beliefs.""",False,False
"Says Republican candidates in Oregon are ""advocating violence"" against gays.",False,False
"A facial recognition firm ""confirmed antifa infiltrated the Trump rally in D.C.""",False,False
"""The Canadian government threatens to fire any government employee who uses ‘Let's Go Brandon’ in communications.""",False,False
"Says Bernie Sanders opposes ""requiring all children to have a K-12 education.""",False,True
"House Republicans who complained they didn't have enough time to consider a constitutional ban against oil drilling ""shoved through a proposal in just a few days to open state waters to oil drilling.""",True,True
A bike a boy chained to a tree in Washington state in 1914 is now a fallen soldier memorial.,False,False
"A space shuttle the National Museum of the United States Air Force near Dayton would be ""within a day's drive of 60 percent of the U.S. population.""",True,True
"""Wisconsin does not have a deficit. Thanks to Republican reforms, the 2014 budget will begin with a $443 million surplus.""",True,True
"Despite President Barack Obama's promise to cut healthcare costs, ""the average cost of a family policy is up $1,300.""",True,True
"""Jason Aldean gig canceled after he sells out to liberals on ‘SNL’.""",False,False
"""We have record bankruptcies in farming country.""",False,False
"$50,000. That's what every child owes today because Washington politicians have run up a huge spending tab and left our kids the bill.""",True,True
"""Want a healthy, happy baby? Skip the Well Baby visits. They… make your baby sick.""",False,False
Says a photo shows Bill Clinton and Christine Blasey Ford posing for a camera and smiling together.,False,False
"""Fox admits they lie"" and, under the First Amendment, ""have the right to lie or deliberately distort news reports on public airwaves.""",False,False
Says wearing face masks is more harmful to your health than going without one.,False,False
"Says Gov. Ron DeSantis ""just signed legislation requiring students, faculty and staff at Florida’s public universities and colleges to register their political views with the state.""",False,False
"Says Milwaukee County Executive Chris Abele is a ""billionaire.""",False,False
Says the claim that 40 percent of guns are sold without background checks traces to information gathered before background checks were even required.,True,True
"People who are vaccinated for the coronavirus ""cannot spread it to you.""",True,False
"""Mass shootings went up 200 percent in the decade after the assault weapons ban expired.""",False,True
Masks have negative impacts on 68% of children.,False,False
"When it comes to transportation funds, Georgians spend more in taxes and on red tape than they get back from the federal government.",True,False
"Says President Donald Trump ""signs a visa-free travel policy"" for Ghana and Malawi.",False,False
Says Nick Kahl made it harder for many families to cover basic health care expenses.,False,True
"""The President wants to cut 3 MILLION people from SNAP, including children, seniors and veterans.""",True,True
"Says Haley Stevens’ plan for ""socialized medicine"" would ""eliminate 100,000 doctors and nurses.""",False,False
"""Again today (Ahmadinejad) made light of 9/11, and said that he's not even sure it happened and that people actually died.""",True,True
"""Even if you took literally every single ounce of platinum in the world, it still wouldn’t add up to enough needed to pay down our nation’s debt.""",True,True
"""If you are a federally licensed gun dealer and your license is revoked because you've engaged in misconduct ... your entire inventory under prevailing law is deemed your personal collection. You then can sell it free from any background checks.""",True,False
"""Most young Americans right now, they’re not covered"" by health insurance.",False,True
"An account of attacks in Benghazi written by former White House press secretary Dee Dee Myers shows that the body of U.S. Ambassador to Libya Christopher Stevens was ""dragged through the streets"" and abused.",False,False
"""Roy Cooper won't say how he will pay for ‘free’ college tuition.""",True,True
Says she was the first in her family to go to a four-year college.,False,True
"""Since passage of the Tax Cuts and Jobs Act, Walmart 'increased their starting wage to $11/hr & has given about $400 million in bonuses.'""",True,True
"""The Russian army captured the U.S Major General Roger L. Cloutier Jr. … in the besieged Ukrainian Azov camp in Mariupol.""",False,False
"""There is no evidence that poor people abuse drugs more frequently than any other socio-economic group.""",False,True
"""Portland Schools spend $500K to deem PB&J sandwiches racist.""",False,False
"""The city of Houston now has more debt per capita than California.""",True,True
"Says Obama has ""doubled the stock market from where we started when he was sworn into office""",False,True
"Says Chris Koster ""opposes right-to-work efforts because he has taken $8 million from ‘union bosses.’""",True,True
"Says Alex Sink supported ""more taxes on water and TV.""",True,True
"""More than half of our unemployed Ohioans have been out of work for six months or more.""",True,True
"""Every major study that has been done by a legitimate group ... shows that there are hundreds of thousands of jobs to be created if you pass our (cap-and-trade) legislation. And if you wind up pricing carbon.""",False,False
"""McDonald’s hamburgers are only 15 percent ‘real beef.’ The other 85 percent is meat filler cleansed with ammonia, which causes stomach and intestinal cancer.""",False,False
"""Congresswoman Ros-Lehtinen has long record of voting against VA backlog fixes.""",False,True
Says Texas ranks among the nation’s top five states for its high school graduation rate.,True,True
"""Trump approval rating better than Obama and Reagan at same point in their presidencies.""",True,False
"The Biden administration ""gifted the Taliban with $80 billion-plus"" in military-grade weapons but now ""wants your 9mm pistols.""",False,False
"Says when armed civilians stop mass shootings with guns, an average of 2.5 people die; otherwise, an average of 18 people die.",False,False
"""A lot of the problems with forest fires ... is because of bad policy (not to clear out the forests) that was put in place by environmentalists.""",False,True
"A member of the redistricting commission proposed in Issue 2 ""could accept a bribe from somebody"" and ""couldn’t be removed from this commission.""",False,True
"""29 mass shootings have been committed by concealed carriers since 2007, while during this period only one (1) licensed civilian meaningfully intervened in a mass shooting.""",True,False
"""Given the results of the primary, the vote of one New Hampshire superdelegate is equal to the votes of about 10,000 grassroots activists.""",True,True
"Says Kamala Harris said there will be ""a federal tax on your home for reparations.""",False,False
"""Myanmar used Dominion Voting Systems.""",False,False
"""There have been 44 plans submitted affecting 90 school districts. And the Scott administration has rejected all of them.""",False,True
"The Republican Party has ""21 percent party ID and shrinking.""",True,False
A retired U.S. Army sergeant faces life in prison for killing two Syrian refugees after discovering they raped his teenage daughter.,False,False
"The Republicans ""still want to privatize (Social Security). In fact, their whole idea is to turn over the Social Security trust fund to Wall Street.""",False,True
"""What I have put forward does not add a penny to the debt.""",True,True
"""Roadside bombs are responsible for 70 percent of casualties in Iraq and these new mine-resistant vehicles can reduce those casualties by two-thirds.""",True,True
"""Welcome to #Houston, the most #diverse city in #America.""",True,False
"Says GOP primary opponents Glenn Grothman and Joe Leibham cast a ""compromise vote that cost $788 million"" in higher electricity costs.",True,True
"""Suez Canal blocked by huge container ship named Evergreen. Evergreen shipping is most likely a cover for human and sex trafficking"" by Hillary Clinton.",False,False
"The poverty rate in West Virginia ""was 19.1 percent, the fourth-highest in the country.""",True,True
"Says ""for the first time ever,"" Texas lawmakers are not funding student population growth.",True,False
"The House Zika bill ""limits access to birth control services needed to help curb the spread of the virus"" in Puerto Rico.",True,True
You must list all your guns on your 2010 tax return.,False,False
"Between 27,000 and 200,000 Wisconsinites were ""turned away"" from the polls in 2016 due to lack of proper identification.",False,False
"""Manufacturing is having its best employment year in almost 15 years.""",True,True
"""Under the Tax Cuts and Jobs Act, the average American family of four will receive a $1,182 tax cut.""",True,True
"""The national economy was strong in its largest expansion of private sector jobs before President Trump came into office.""",True,True
"Sherrod Brown ""gave huge bonuses to executives.""",False,False
"""At nearly 19 million people, the population of Florida is larger than all the earlier primary and caucus states combined.""",True,True
"""We spend more money on antacids than we do on politics.""",False,False
"A photo shows two men on the run who pretend to be homeless and then ""attack and rob you.""",False,False
"A cap-and-trade plan promoted by Barack Obama would hit hardest ""those already struggling to make ends meet.""",True,True
Photo shows Joe Biden asleep at his desk.,False,True
"The United States had ""allies lined up"" for air strikes in Syria and then Obama ""pulled the rug out.""",True,True
"In Chicago, which has the toughest gun laws in the United States, probably you could say by far, they have more gun violence than any other city.",False,False
"List shows ""1,000 peer reviewed studies questioning COVID-19 vaccine safety""",False,False
"Says he ""opposed $716 billion cut to Medicare.""",True,True
Says the Trump administration transferred $10 million from FEMA to ICE.,True,True
"The Free Flow of Information Act of 2009 ""would guarantee Barack Obama will never be held accountable for producing forged birth documents.""",False,False
"The property appraiser's budget ""is $1 million less today than when I took office 16 years ago.""",True,True
"""Lake Erie supports nearly 10 percent of Ohio's jobs and generates $750 million in state and local taxes.""",True,True
"""Germany: 96% of Latest Omicron Patients were FULLY Vaccinated – Only 4% Unvaccinated""",False,True
"Says Donald Trump is breaking a campaign pledge to bring manufacturing jobs back to Wisconsin and Pennsylvania since the two states ""have lost the most manufacturing jobs in the past year.""",False,False
"""When he (Donald Trump) asked Florida to have casino gambling, we said no.""",True,True
"Says 44 senators ""voted NOT to send stimulus checks.""",False,False
A video shows Joe Biden lost and confused on stage.,False,True
"Under the House health care bill, Medicaid spending ""actually goes up 20 percent over the next 10 years.""",True,False
"Say that according to the Los Angeles Times, ""95% of warrants for murder in Los Angeles are for illegal aliens,"" more than two-thirds of all births in Los Angeles County ""are to illegal alien Mexicans"" on Medicaid, ""nearly 60% of all occupants of HUD properties are illegal,"" and Nancy Pelosi ""wants to put a windfall tax"" on retirement fund profits.",False,False
Herd immunity is probably why California has far fewer COVID-19 deaths than New York.,False,False
"""Closing the tobacco loophole would save Missouri taxpayers $50,000,000""",True,True
A video shows the Russian warship Moskva exploding.,False,False
"The House of Delegates budget bill ""cuts $50 million from education.""",True,True
"""A study by the National Economics Research Association showed that the (Paris climate) deal could cost 2.7 million lost jobs in the U.S. by 2025 should our country adhere to the commitments made by the Obama Administration.""",False,True
"""Pete Buttigieg claims Bible says babies can be aborted ‘up to their first breath.’""",False,False
"In the ""do-nothing Senate,"" there are 352 House bills ""sitting on Harry Reid’s desk awaiting action,"" including 55 introduced by Democrats.",True,True
"Under Barack Obama, the U.S. now has the ""lowest workforce since (President Jimmy) Carter.""",False,True
"""Under President Obama, U.S. security funding for Israel is at an all-time high.""",True,True
Omicron 'hysteria' was timed so that it would coincide with and distract from the Ghislaine Maxwell trial.,False,False
Says U.S. Senate candidate Eric Hovde has ‘no problem with raising taxes.’,False,True
"In 2013, the United States ""accepted 67 percent of the world’s refugees.""",False,False
"""Unemployment now pays $24/hour, even if your wages were lower. Why don’t ‘essential’ people forced to still work get $24, too?""",True,False
"""We have a host of issues associated with high B.M.I.s. But correlation doesn’t prove causation, and there’s a significant body of research showing that weight stigma and weight cycling can explain most if not all of the associations we see between higher weights and poor health outcomes.""",False,True
"Says President Barack Obama’s recent New York fundraising trip ""cost between $25 million and $50 million.""",False,True
"Says Jon Huntsman supports changes in Medicare that would deny guaranteed benefits to 980,000 New Hampshire residents.",True,False
Video shows man diving off a high bridge and into a swimming pool on a moving boat.,False,False
"The 5-4 decisions the Supreme Court reaches ""are going up.""",False,False
"""Minnesota has passed and Indiana has passed"" right to work laws making union membership and dues optional",True,True
"After Ronald Reagan cut taxes in 1981 the U.S. enjoyed ""exponential growth.""",False,False
"The Dow Jones Industrial Average ""jumped 1000 points in last 5 weeks, Record fastest 1000 point move in history.""",True,True
"""Cuomo opens New York 72 hours before his daughter's wedding.""",False,False
"Says a car driving former University of Missouri System President Tim Wolfe ""ran through the students, hit one of them"" at the MU Homecoming Parade.",False,True
"""Six states can't get the votes counted. Six states in which @realDonaldTrump is leading. Six states where Dems are in charge.""",False,False
"Retired U.S. presidents and members of Congress collect full salaries ""for life.""",False,False
"""America has more governors who’ve worn blackface than black governors.""",True,True
"""Of all the jobs President Obama claims to have created since he started, only 38.5 percent are women. So 61.5 percent have gone to men.""",True,False
"Says she ""voted for a statewide fracking ban.""",True,False
"""President-elect Biden steps down as president-elect.""",False,False
"Michigan election bills are ""designed to make it easier for people to vote.""",False,False
"""A $250 fine if you're caught with a plastic bag coming out of a store. Plastic bag police anyone?""",False,False
"Four years after Gov. Andrew Cuomo promised universal pre-K, ""79 percent of 4-year olds outside New York City lack full-day pre-K.""",True,True
"""DEVELOPING: Kamala’s sister takes hydroxychloroquine.""",True,False
"""By 2006, the American people were overwhelmingly against the Iraq War.""",True,True
"""We did not even have a federal income tax in this country until 1913.""",True,True
"""Virginia women are paid 80 cents for every dollar paid to Virginia men.""",True,True
"""Usually it's about $900 a month to get health coverage. (Florida's program has) reduced that, on average, to about $150 a month.""",False,True
"ICE is in Uvalde, Texas, ""so undocumented parents have to consider arrest deportation before they go check to see if their kids are alive.""",False,False
Says Republican lawmakers delayed COVID-19 testing,False,True
"""There is no added safety to the public if you're vaccinated.""",False,False
"""Coronavirus — 22. Clintons — 39.""",False,False
"The Obama administration is allowing state waivers from welfare work requirements ""only if they had a credible plan to increase employment by 20 percent.""",True,True
"""Poll Finds 38% of Americans Say They Will Not Drink Corona Beer Because of Virus.""",False,False
"""The DNC omitted ‘one nation under God’ from the Pledge of Allegiance.""",False,False
"The result of lockdowns ""has been the destruction of millions of lives across America as well as increased deaths from suicide, substance abuse and despair without any corresponding benefit in Covid mortality.""",False,False
"""D.A.R.E. removed cannabis from its list of gateway drugs.""",False,False
"Wisconsin’s Government Accountability Board ""ignored their duties and did not regularly audit"" voters to remove felons ""for a span of 16 elections.",True,True
"Thirty-eight states -- Georgia not included -- have appointed, rather than elected, state school superintendents.",True,False
"The push for high-speed internet for rural areas, from the start, ""was a Democratic thing.""",True,False
"40 percent of U.S. gun sales ""are occurring outside of"" licensed gun dealers.",True,True
"Says Ted Strickland supported giving $150 billion to Iranian regime that persecutes women, Christians and gays.",False,True
"""The EPA has tried to define a puddle or a drainage ditch on your farm to be navigable waters and thus subject to massive environmental regulations.""",False,True
"""President Trump has the strongest support percentage-wise in our state than any other state in the nation. He won West Virginia by almost 43 percentage points and he's been carrying close to 60 percent approval.""",True,False
"Says Anthropology is a STEM (science, technology, engineering, math) field.",True,False
"""I’ve been in and out of Iraq and Afghanistan over 40 times.""",False,False
"""The average rate of fraud"" in the Earned Income Tax Credit, Medicare, Medicaid and food stamps programs ""is 20 to 25 percent.""",False,True
"Video shows Biden saying ""salute the Marines"" after hearing the words in an earpiece before his inauguration.",False,False
"""Texas women make an average of $8,355 less per year than men doing the very same job.""",False,False
"In 2006, Arizona had four ballot issues that were ""very tough on illegal immigration... Forty-seven percent of the Hispanics in Arizona voted for them.""",False,True
"Says that Wall Street hedge fund managers ""pay a lower tax rate than does a sheet metal worker in Parma or a school teacher in Cleveland.""",True,True
"""You can be an NFL player with murder charges and not be suspended.""",True,True
"""Barack Obama has consistently voted against tougher penalties for criminals.""",False,True
"Alex Sink was ""the first official who said that BP should pay $25 million for an ad campaign to promote Florida tourism.""",False,False
"Says U.S. Rep. Tammy Baldwin, a candidate for Senate, supports raising taxes ""by $858 billion.""",False,True
"""We have over 100,000 children, which we’ve never had before, in serious condition, and many on ventilators"" due to the coronavirus.",False,False
"""No governor in Virginia has ever won when...he or she is the same party as the sitting president.""",False,False
"On Gov. Tony ""Evers’ watch…the efficiency of the state crime lab has plummeted.""",False,False
"""WHO now says your child’s presence in school counts as ‘informed consent’ for vaccination - parental presence not required.""",False,False
"Says Ted Cruz’s wife Heidi ""will be the very first pro-life first lady.""",True,False
"Says Donald Trump ""spent the least amount of money of any of the competitive primary contenders that he beat so badly.""",True,True
Members of the US Women’s National Soccer team turned their backs on the flag as a 98-year-old World War II veteran played the anthem.,False,False
"""Muslims’ disturbing plan comes out after grocery stores go bare to prepare for Irma.""",False,False
John Kitzhaber is the only pro-choice candidate in the race for governor.,False,False
"""Moderna chief medical officer admits: mRNA alters DNA.""",False,False
"""There hasn’t been a Republican in the legislature or the City Council in Providence in over 30 years.""",False,False
"""Kamala Harris wants the riots to continue and not let up, not now not even after the election.""",False,False
High-speed rail would have cost Florida taxpayers $1 billion to build.,False,True
Says city of Portland has a one-time $22 million surplus,True,True
"Charcoal activated tablets ""will counteract most date rape drugs.""",False,False
"""Factories are opening their doors at the fastest pace in almost two decades.""",True,True
"""Mayor Andrew Gillum says he’s indefinitely suspending his campaign for governor in light of a fatal shooting in Tallahassee at a yoga studio on Friday.""",False,True
"""In Rhode Island, a recent study showed that among a group of people who had been homeless for a year or more, Medicaid costs averaged about $60,000 per person.""",False,True
"A new bill ""was written into the new health care reform initiative ensuring that Congress will be 100 percent exempt.""",False,False
"Half of illegal immigrants ""come on legal visas and then overstay.""",True,True
"Sen. Jim Webb ""persists on negating"" Sen. Mark Warner’s votes",False,True
"Donald Trump’s decision to skip the Fox News/Google debate in Des Moines ""is near unprecedented.""",True,True
"""NASA announced that it communicated with four races of aliens.""",False,False
"Ketanji Brown Jackson has ""a weak record — defund police, abolish ICE and now a completely open border policy.""",False,False
Says Joe Biden owns a private island next to Jeffrey Epstein’s.,False,False
"""40 years of research, and no vaccine for HIV. At least 100 years of research and no vaccine for cancer. Ongoing research and no vaccine for the common cold. Now in less than a year, there's a vaccine for COVID-19?""",False,True
"""In Joe Biden’s America, your children are more likely to have access to a crack pipe than a mask-free education.""",False,False
"Rhode Island is ""almost dead last"" among Northeastern states in the length of time first-degree murderers must spend in prison before they’re eligible for parole.",True,True
"""(George) Soros Provides Migrants With Prepaid Debit Cards To Fund Illegal Journeys""",False,False
"""When the Affordable Care Act was signed, 17 million American children"" had a pre-existing condition and were ""uninsurable.""",False,True
"""Facebook said that if you support the NRA you will get kicked off.""",False,False
"Says Tennessee’s higher education funding model ""is 100 percent outcomes-based"" and ""we are already seeing this model changing the way our postsecondary institutions do business.""",True,False
"Say ""Dunkin' Donuts is providing a free Ḍozen Doughnut Box to everyone! to celebrate 68th Anniversary!""",False,False
"Some Republicans who voted against the stimulus ""have been all too happy to claim credit for Recovery Act projects and the jobs those projects have produced. They come to the ribbon cuttings.""",True,True
"Says state Sen. Sheila Harsdorf wants to ""eliminate Medicare"" as we know it.",False,False
"In Rhode Island ""there are 150 different pension plans for public workers.""",True,True
"In Wisconsin, teachers make $89,000 in salary and benefits, compared to $48,000 for all other workers in the United States.",False,False
"A 1993 example of voter fraud in Philadelphia is ""exactly what happened to us"" in the 2020 election.",False,False
"John Cornyn ""voted twice in 2013 to back Obama’s amnesty plan.""",False,True
Says Obama Foundation posted picture of George Floyd before he died.,False,False
"""75 percent of the jobs created in the state of Ohio are created in small business. They are not created by huge corporations and those who are very wealthy.""",True,True
"""Gun violence is by far the leading cause of death for young African American men, outstripping the next nine causes of death combined.""",True,True
"Says Joe Biden ""will destroy your protections for pre-existing conditions.""",False,False
"Texas is ""the state that has now gone the longest without electing a Democrat statewide.""",True,True
"""I didn't campaign on a public option.""",False,False
"Says Rep. Ilhan Omar, D-Minn., was ""speaking about how wonderful al-Qaida is.""",False,False
"""You know what’s in this bill? No medical malpractice suits until 2024, even if they’re not COVID related.""",False,False
A video shows a nurse pretending to vaccinate actor Anthony Hopkins before squirting fluid in the syringe on the floor.,False,False
"Rick Santorum ""reformed welfare.""",True,True
"""Democrats very much are in the pocket of the NRA.""",False,False
There were more job losses per month in the last three months under President Bush than in the past three months under President Obama.,True,True
"The Providence teacher contract ""is one of the longest in the country.""",False,True
"""Under the Obama plan . . . all the health care in this country is eventually going to be run by the government.""",False,False
"In England, ""official data shows children are up to 52 times more likely to die following COVID-19 vaccination than unvaccinated children.""",False,False
"Says Brendan Kelly ""allowed half of the criminals he faced to walk free"" and ""failed to protect women who were violently assaulted,"" allowing ""those guilty of sexual assault to cut inexcusable plea deals.""",False,True
About 3 percent of Gov. Nathan Deal’s appointments have been African-American.,True,False
"""We’ve got a police station that’s under construction right now, they are actually ahead of schedule and under budget.""",False,False
"""Among the developed nations, we are the least economically and socially mobile country in the world.""",True,True
"Transmission of COVID-19 by asymptomatic individuals ""has never been proven.""",False,False
"""Florida spends more than $300 million a year just on children repeating pre-K through 3rd grade.""",True,True
"There was ""serious voter fraud"" in Virginia.",False,False
"Says the Republican Party platform says ""pull back even more of the rules on campaign finance reform, get rid of McCain-Feingold"" while the Democratic Party platform says ""we want to find a way to put more fair rules on campaign finance reform.""",True,True
"America’s federal business tax rate is the highest ""in the world.""",True,True
A flight crew took a knee and stranded the New Orleans Saints on an airport runway.,False,False
"""Barack Obama will somehow manage to add more than $8 trillion to the national debt, which is more debt than the 43 presidents who held office before him compiled together.""",True,True
"""Virtually no Republican"" in Washington accepts climate change science.",True,True
"Quotes Robert Mueller as saying, ""We must move as quickly as possible to a one-world government; a one-world religion; under a one world leader.""",False,False
"Metro Atlantans spend ""over an hour every day"" or ""five hours a week"" commuting, for a total of ""260 hours a year.""",True,True
"""More than 200,000 DACA recipients are essential infrastructure workers"" including ""41,700 DACA recipients in the healthcare industry""",True,True
"""We've heard talk about curbing our use of fossil fuels in nearly every State of the Union address since the oil embargo of 1973.""",True,True
"Says his budget ""calls for one of the largest increases in national defense spending in American history.""",False,False
"""The total (state) payroll has gone down. The total amount of the number of workers in the state has gone down. I like the fact that the bulk of that is just by retirements.""",True,True
"The Manchin-Toomey amendment ""would have criminalized certain private transfers of firearms between honest citizens, requiring lifelong friends, neighbors and some family members"" to get government approval.",False,True
"Democrats and Joe Biden ""want to abolish the suburbs altogether by ending single-family home zoning.""",False,False
Georgia’s unemployment rate has exceeded the national rate for 50 consecutive months.,True,False
"The film and TV industry supports more than 24,000 direct jobs and pays local workers more than $1.68 billion in wages in Georgia.",True,False
"The Pfizer COVID-19 vaccine is ""99% graphene oxide,"" which is ""toxic to the human body and causes a number of problems.",False,False
"Says that several times in the last 15 years, Austin City Council candidates have won seats after trailing by more than 4,000 votes in the election prompting the runoff.",True,False
"""Sen. Obama has never taken on his party leaders on a single major issue.""",True,False
"""If you take into account all the people who are struggling for work, or have just stopped looking, the real unemployment rate is over 15 percent.""",True,True
"Says Marjorie Taylor Greene said ""246 years ago Jesus Christ performed his miracle of making a single days worth of bullets last 8 days.""",False,False
"""More preschoolers are shot dead each year than police officers are in the line of duty.""",True,True
"Says that each year, about 25,000 American women become pregnant through rape or incest.",True,True
"Water rates in Manila, Philippines, ""were raised up to 845 percent"" when a subsidiary of the World Bank became a partial owner.",True,True
"Quotes Andy Borowitz as saying ""stopping Hillary is a short-term solution. The long-term solution — and it will be more difficult — is fixing the educational system that has created so many people ignorant enough to vote for Hillary.""",False,False
Says Mitt Romney's comments indicated he would not have pursued Osama bin Laden.,True,True
"""We have killed lots of innocent people in the state of Texas.""",False,True
"A data-storing microchip ""would be implanted in the majority of people who opt to become covered by the public health care option.""",False,True
Says opponent Tammy Baldwin ‘has had not one positive ad’ in the campaign for U.S. Senate.,True,False
"""The annual Pentagon budget hovers over $750 billion annually, twice that of the much debated Build Back Better Act that costs about $350 billion annually as currently proposed.""",True,True
"Says Tammy Baldwin’s ""Medicare for All"" plan means senior citizens would ""no longer have"" Medicare.",False,False
The InterLink at T.F. Green Airport is the closest air-rail link in the country.,False,False
"""Six of Georgia’s counties have no lawyers at all.""",True,True
"""Sanctuary cities are extremely dangerous.""",False,False
"The president's health care proposals will cause ""most Americans to have their premiums increased, not decreased, and hundreds of millions of people lose their current insurance coverage.""",False,True
"After Arizona banned smoking in ""all public places"" in 2007, ""admissions for acute myocardial infarction … stroke, asthma, [and] angina decreased following the implementation of the ban.""",True,True
Says most Texas schools spend 45 out of 180 school days in mandated testing.,False,False
"""Pregnant women who stand for five to six hours at a time increase their risk of pre-term pregnancy by 80 percent.""",False,True
Says Maggie Hassan is the only female governor in the country.,False,False
We’ve reduced crime to its lowest level in 27 years.,True,False
"""Gas prices have never been higher, and Exxon Mobil's profits have never been higher.""",False,True
"""The person that shot Ashli Babbitt — boom — right through the head — just boom — there was no reason for that.""",False,False
"""Ronald Reagan’s signature on the 1986 amnesty act"" gave Barack Obama about 15 million additional Hispanic votes in 2012.",False,False
Says Donald Trump is for a single-payer health care system.,True,False
"""On average, each U.S. military working dog saves the lives of between 150 and 200 servicemen and women over the span of his career.""",False,False
"Quotes Kurt Cobain saying in 1993 that he wouldn’t be surprised if his generation eventually elected a ""true outsider"" a ""business tycoon who can’t be bought"" … ""someone like Donald Trump""",False,False
"""13 percent of Americans, the lowest ever, are without health care.""",True,False
"Says LeBron James ""stops paying his Social Security taxes at the beginning of the second quarter of the first game of the season.""",True,True
"The Koch Brothers are ""spending more money than either the Democratic or Republican parties"" in the 2016 elections.",False,True
"Crimea ""was sort of taken away from President Obama. … And he wanted Russia to be out of what was called the G-8. And that was his determination.""",False,False
The city of Atlanta has either the highest or second-highest average water bills in the country.,True,True
"In the United Kingdom, ""70-plus percent of the people who die now from COVID are fully vaccinated.""",False,False
"Says an array of statistics show that conditions in some parts of Baltimore rival that of ""the West Bank in Palestine,"" ""North Korea,"" and ""distressed cities in Nigeria, India, China and South Africa.""",True,True
"Says the New York Times reported that Hillary Clinton and George Soros ""paid (a) woman to accuse Trump of sexual attack.""",False,False
The murder rate in Atlanta is on the rise this year.,True,True
"Says Chuck Schumer said ""it’s racist to only allow citizens to vote.""",False,False
"The ""average taxpayer will see the equivalent of a 2 percent pay raise as a result of low fuel prices.""",True,True
"A photo shows ex-Minneapolis police officer Derek Chauvin wearing a ""Make Whites Great Again Hat.""",False,False
"In the plot to kidnap Michigan Gov. Gretchen Whitmer, ""the perps were ANTIFA and BLM anarchists.""",False,False
"A proposed amendment ""allows a teenager to get a recommendation for medical marijuana without the consent of a parent.""",True,True
"By the end of his first term, President Obama will have added as much debt as all the prior 43 presidents combined.",True,True
"""If you actually took the number of Muslims [sic] Americans, we'd be one of the largest Muslim countries in the world.""",False,False
"""The Tax Foundation figures Rhode Island as the 10th highest state for state and local tax burden per capita in the country. We're the 6th worst in the country for the business tax index. We're the 3rd highest per capita in the country for all taxes.""",False,False
"Chuck Grassley was ""voting to slash Medicare"" when voting against the debt ceiling bill.",True,True
"""Martin Luther King said our lives begin to end the day we become silent on things that matter.""",True,False
"Many uninsured Americans are ""young.""",True,True
Tim Kaine broke a campaign promise not to raise taxes.,False,True
"""Judge Rules Over 200,000 Biden Votes Are Illegitimate In Wisconsin.""",False,False
"If the U.S. didn't borrow $1.2 trillion every year ""to fund government operations,"" that money would be available ""for entrepreneurs and business people to put to work creating jobs and building and expanding their businesses.""",False,False
"Says ""Cape May, Cumberland, Salem and part of Atlantic counties are all south of the Mason-Dixon line.""",False,False
"""Social Security is a Ponzi scheme.""",False,False
"Says the changes to the State Health Plan ""will DENY North Carolina state employees, retirees, and their families of in-network access to critical healthcare services.""",True,False
"John Kitzhaber created 128,000 new jobs while governor.",True,False
"""Thanks to the insane tax-and-spending spree of President Joe Biden and Democrats in Washington, we are seeing six straight months of raging inflation.""",False,False
"Says ""Harry Reid has a better voting attendance record than these three Congressmen!""",True,True
Obama wants to increase the size of government by 23 percent.,False,False
"""Most Americans favor keeping Title 42 in place.""",True,True
"Says U.S. Rep. Ann McLane Kuster used $293,000 of taxpayer money to send campaign mail.",False,True
"President Donald Trump’s budget ""threatened to cut $2 trillion from Social Security, Medicare and Medicaid""",False,True
"""In campaigns in the past with Sen. McCain and President George W. Bush and others, they have tended to release tax records in April.""",True,True
"A letter from Mississippi Gov. Tate Reeves says that at ""the beginning of October 2020 the statewide mask requirements will be abolished.""",False,False
Most voters prefer zombies to the current U.S. Congress.,True,False
"""Studies show that if we opened one reserve in Alaska now, in five years, gas prices could be at $2 a gallon.""",False,True
"Says Rick Scott ""raised property taxes.""",False,False
"When it comes to the state deficit, Wisconsin is ""proportionally in as much trouble as the State of California.""",True,True
"Says Jon Ossoff wants to ""allow illegal immigration.""",False,False
"As a prosecutor, Wisconsin Supreme Court Justice David Prosser did not investigate or file charges in a case involving 30-year pedophile priest, then participated in cover-up.",False,False
"""Migrants DEMAND $50,000 each to go home, or else …""",True,True
"""We have an Army that just cut 40,000 spots.""",True,True
"""I did not — I did not — I do not say that. I do not say that"" climate change is a hoax perpetrated by the Chinese.",False,False
"Says Italy arrested a doctor ""for intentionally killing over 3,000 coronavirus patients.""",False,False
"A sign in Dearborn, Mich., for the Advancement of Islamic Agenda for America says, ""Allah be praised. America we will kill you all and nothing you can do to stop it.""",False,False
Says the logo of a porn website appeared during a CNN broadcast.,False,False
"Florida’s regulations on the payday lending industry are ""stronger than almost any other state.""",False,True
"""In the history of the United States, 168 presidential nominees have been filibustered, 82 blocked under President Obama, 86 blocked under all the other presidents.""",True,False
Bob Barr has changed his position on the Defense of Marriage Act over the years.,True,True
"Says Texas has one state inspector for every 4,500 oil and gas wells.",True,True
"Says Maxine Waters tweeted, ""Every single gun owner I have talked to has told me, ‘As soon as I walked out of that gun store, I felt a killer growing inside of me.’ When will we acknowledge there is no such thing as a responsible gun owner?""",False,False
"Says it’s a ""statistical reality that most single moms are very poor, under-educated, can't get a job, and if it weren't for government assistance, their kids would be starving to death.""",False,False
"Says the House impeachment vote was the third by Democrats — ""They tried to impeach Trump for criticizing the NFL and for some other things.""",False,False
"""Every time we've cut the capital gains tax, the economy has grown. Whenever we raise the capital gains tax, it's been damaged.""",False,False
"""The typical Wisconsin worker makes $5,000 less each year than our neighbors in Minnesota"" under Gov. Scott Walker’s policies.",True,True
"""While I was working on those streets watching those folks see their jobs shift overseas, you were a corporate lawyer sitting on the board at Wal-Mart.""",True,True
"Says that under President Obama, there’s been a substantial increase in federal government jobs.",False,False
"McCain ""said no to higher fuel-efficiency standards for cars.""",False,True
"When it comes to aid, ""the United States is still about half as what European countries give as a percentage.""",True,True
"""Cuomo ended cash bail ... and now the crime rate has gone through the roof.""",False,False
"""Remember, the American Revolution began when they came for the guns.""",True,False
"""Community banks … are being destroyed by Dodd-Frank.""",False,True
"Quotes Trump as saying ""would you really want a president who was dumb enough to let himself get drafted?""",False,False
"""NASA admits that man-made climate change is a hoax!""",False,False
"""Do this research … watch how much crime picks up if you take away [football].""",False,False
"""Final election 2016 numbers: Trump won"" the popular vote.",False,False
Thousands of cattle that recently died in Kansas weren’t killed by the heat.,False,False
"Says the ""public option"" considered in the health care law backed by U.S. Senate candidate Tammy Baldwin was ""wildly unpopular.""",False,True
"""Ohio is losing over 700 family farms a year, some of them just to pay the inheritance tax.""",True,True
"Says ""Russ Feingold cut Medicare by $523 billion.""",False,False
"""If you look at states that are right to work, they constantly do not have budget deficits and they have very good business climates.""",False,False
Says Democratic Party created the Ku Klux Klan.,False,False
"""Credit agency says Rep. Gibbs recklessly caused downgrade, higher interest rates.""",False,True
"Says U.S. Rep. Ron Kind has ""spent more $ in 100+ days than was spent fighting WWII",False,False
"It was ""the left"" that ""finally"" made Juneteenth a national holiday.",True,False
"Members of Congress ""receive full pay retirement after serving one term.""",False,False
"Atlanta Mayor Kasim Reed became a city resident in the last annexation, opening the door to his candidacy.",True,False
"""The CEO of the company that owns Wendy’s, Taco Bell, and Pizza Hut donated $400,000 towards Trump’s re-election campaign.""",False,False
"Ron Klein ""sponsored an amendment that specifically allows price gouging.""",False,True
"Capital punishment is a ""specific deterrent with the most heinous crimes.""",False,False
"Says that in his book, Rick Perry said that ""Social Security is unconstitutional.""",True,True
"""Democrats are responsible for the massive spending and debt growth, they alone need to take responsibility for raising the debt limit.""",False,False
Says that 9 million to 50 million undocumented immigrants live in the United States.,False,True
Photo shows an ice mass hanging inside a Houston home during Texas winter storms.,False,False
"""Our campaign depends on small donations for the majority of our support.""",False,False
A photo shows paleontologists in Greece discovering the skeleton of a giant.,False,False
"Says Rep. Jim Renacci was ""trying to leave town for the holidays without extending your payroll tax cut.""",False,False
"""Now, they’re doing tests on airlines — very strong tests — for getting on, getting off. They’re doing tests on trains — getting on, getting off.""",False,False
"""Of the 18 stadiums built from 2004 to 2013, 47 percent of the total cost came from public sources.""",True,True
"""Breaking: FBI just raided the White House, 6 people thrown out.""",False,False
"""We defied the stand-down orders"" during the Benghazi attack.",False,True
Says Charlie Crist could have expanded Medicaid after the health care law passed but didn't.,False,True
"The Americans for Tax Reform pledge ""relates to new taxes that were going to be initiated by legislative action.""",False,True
Says a majority of Americans -- and Republicans -- support his approach for deficit reduction.,True,False
"""FBI uncovers evidence that 62 million Trump voters are all Russian agents!""",False,False
"Countries with a higher minimum wage than the United States’ $7.25 an hour include Denmark at $21, Australia at $15.81, Germany at $11 and France at $12.35.",True,True
Says 11 soccer players on the U.S. Men’s National Team are immigrants.,False,False
"Obama plans ""a tax increase for everyone earning more than $42,000 a year.""",False,True
"Says EPA regulation of greenhouse gases will endanger 575 Texas dairy facilities, 58 swine operations, 1,300 corn farms and 28,000 beef cattle operations.",False,False
"""I spent 18 months putting together the sanctions against Iran so that we could force them to the negotiating table.""",True,True
"""Joe Biden is the only candidate with a plan to get us out of Iraq and keep us out.""",True,False
"Says Wisconsin Supreme Court candidate JoAnne Kloppenburg ""put an 80-year-old farmer in jail for refusing to plant native vegetation on his farm.""",False,True
"Florida has the ""third most-regressive tax"" structure.",True,True
"""More Americans receive food aid than work in (the) private sector.""",False,True
"""Military Arrests Biden’s Sec. of Agriculture Tom Vilsack.""",False,False
"The United States has ""an immigration system where only 6.5 percent of people who come here, come here based on labor and skill.""",True,True
"Last year, Beaverton School District had the highest number of homeless students ever recorded in Oregon.",False,True
"""99 percent of all new income today (is) going to the top 1 percent.""",True,True
"Says Sen. Kay Bailey Hutchison ""took 154 private flights all funded by taxpayers"" though ""commercial flights were readily available at a fraction of the cost.""",True,True
"""200,000 students attempt suicide every year on college campuses.""",True,True
"Says that Mitt Romney's response to the crisis in the auto industry was, ""Let Detroit go bankrupt.""",True,True
"The United States is the leading nation in the world ""with the highest amount of doubt about the conventional wisdom of climate change.""",True,True
"""Our (COVID-19) numbers are better than almost all countries.""",False,False
Says Joe Biden called for a jihad in a video.,False,False
"""Less than 500 people a year killed by all rifles combined"" and ""4,000 a year killed by illegals.""",False,False
"""BUSTED: NASA Accidentally destroys every climate change advocate by exposing massive truth behind Antarctica.""",False,False
New food safety legislation will regulate backyard gardening.,False,False
"Photo shows ""MAYHEM in Oregon!""",False,False
"Says Sen. Thom Tillis ""doesn’t think restaurant workers should have to wash their hands.""",False,False
"Says that over the past 20 years, Texas public school spending rose 142 percent and per-pupil spending more than tripled when adjusted for inflation.",False,True
"""Tennessee new law passed 48 hours ago now makes it illegal to teach Black history in the grades K-12.""",False,False
"Says that despite a recent increase in school funding, Scott Walker ""has taken over a billion dollars from the public schools.""",False,True
Says Texas ranks first among the states in the amount of carbon dioxide emitted and toxic chemicals released into water.,True,False
"In the United States, ""we tax our exports and don't tax our imports.""",True,False
"""Big pharmaceuticals pay off — they literally pay off — generics to keep the prices and the competition off the market.""",True,True
"""Kansas City Chiefs QB Patrick Mahomes has left training camp and says he will ‘not play another down in the NFL’ until the team changes their name.""",False,False
"Says 7,000 millionaires ""gamed the system to pay no income taxes.""",False,True
"""Many presidents don’t get the chance to put a Supreme Court justice on.""",False,True
"""The Democratic leader in the Senate, Harry Reid, has blocked any vote on the Keystone pipeline for years.""",True,True
"Says Oregon state employees received a ""catch-up"" pay raise in 1981 -- just two years after they agreed not to take a raise in exchange for a retirement benefit.",False,False
"Barack Obama supports plans to raise ""income taxes ... payroll taxes.""",True,True
"The DREAM Act ""was written by members of both parties. When it came up for a vote a year and a half ago, Republicans in Congress blocked it. The bill hadn’t changed. ... The only thing that had changed was politics.""",True,True
"""For most black people in the history of this country … it was illegal to pass as a white person. You were actually put in jail if you tried to pass.""",True,False
"""There’s no money"" for Planned Parenthood in the bill that would keep the government open.",True,True
"When he worked for AT&T, he ""was responsible for large parts in a $5 billion organization.""",False,True
"""Nearly all of the top 50 prescribers of oxycodone in the United States are in Florida.""",True,True
"""In two terms in the Missouri General Assembly, Jason Kander passed ZERO bills that were signed into law.""",False,True
"In 2017, ICE ""arrested more than 127,000 illegal immigrants with criminal convictions or facing charges of breaking our nation's’ laws,"" and removed nearly 5,000 gang members.",True,True
"""The CDC has removed the ‘Covid-19 Pandemic’ and replaced it with ‘Covid-19 Outbreak’ on their website. It was never a pandemic.""",False,False
"Says Oregonians for Food and Shelter ""proudly features board members from Monsanto and Syngenta and the (Oregon) Farm Bureau also receives funding from biotech companies.""",True,True
"Says Wisconsin ""hadn’t been won by a Republican since Dwight D. Eisenhower, in 1952. And I won Wisconsin. …  Ronald Reagan, remember, Wisconsin was the state that Ronald Reagan did not win.""",False,False
"Multnomah County’s food action plan ""clearly plans to disrupt the free market system in terms of food choices making it harder and more expensive for many residents to eat their food of choice.""",False,True
"""AARP endorses Biden and gives financial support to Planned Parenthood.""",False,False
"Under the Iran nuclear deal, ""we give them $150 billion, we get nothing.""",False,False
"Says Donald Trump was ""forced to file for bankruptcy not once, not twice, four times.""",True,True
"""Ganley said that if elected, he wants to ‘cut the dickens’ out of Social Security, Medicare and Veterans’ benefits.""",False,True
"Barack Obama’s Columbia University ID says he was a foreign student and went by ""Barry Soetoro.""",False,False
"""Black Lives Matter of Atlanta Charged with Wire Fraud, Money Laundering and Allegedly Using almost 500k in Donations For Personal Use.""",False,False
"""Gas in Canada is $9.00 a gallon.""",False,False
"Deaths from vaccines have totaled 1,621 from Johnson & Johnson, 4,799 from Moderna, 13,039 from Pfizer and 73 from unknown vaccines. And this is an undercount because ""only 1% of deaths are reported.""",False,False
Sarah Huckabee Sanders dressed up as KKK member on Halloween in 1993.,False,False
"""By the year 2015 (Medicaid will) take up half our budget.""",False,False
"""The Vaccine Adverse Event Recording System shows that 5,946 people have died because of the"" COVID-19 vaccine.",False,False
"The government ""made accommodation to the Fort Hood shooter to let him grow a beard"" for religious reasons.",False,True
"""I have the No. 1 show on NBC.""",True,True
"""Since 9/11, right-wing extremists (incl anti-abortion, anti-gov) have killed more Americans than Islamic extremists.""",True,True
Say Texas U.S. Reps. Eddie Bernice Johnson and Sheila Jackson Lee are among open Socialists in Congress.,False,False
"Says Donald Trump hired illegal workers ""from Poland and he had to pay a million dollars or so in a judgment.""",True,True
"Under the House Republican tax plan, in Wisconsin, ""the median household of four gets about a $2,000 tax cut, on average.""",True,True
"Says the governors of Michigan, New York and Nevada ""have issued orders banning the prescription of hydroxychloroquine to patients with COVID-19.""",False,False
Finance experts estimate that paying in cash for the $2.5 billion in projects funded by the sales tax saved Gwinnett County more than $1 billion in interest payments.,True,True
The Wisconsin Department of Corrections is considering implementing mandatory physical fitness testing for security staff.,False,False
"""More than 400 car crashes occur each year on the current, congested Columbia River Bridge.""",False,False
"""Our debt now is about $140,000 per household.""",True,True
"""Facebook removes, censors Declaration of Independence as ‘hate speech’""",True,True
"Oil money from federal leases ""can only be used to clean up the mess and damages from drilling.""",True,True
"""Fulton County has successfully reduced the number of pregnancies"" among 15- to 19-year-olds.",True,True
"According to crime statistics, ""riding MARTA has been becoming more and more safe over the years.""",True,True
"Says Donald Trump tweeted, ""Danny DeVito supports baby murder.""",False,False
"Gov. Sarah Palin ""got precisely zero support for her call for Alaska's Democratic Senator Mark Begich to resign because Ted Stevens' corruption conviction was overturned.""",False,False
"""Ohioans want an end to pay-to-play politics.""",False,False
Says the majority of Americans support gay marriage.,True,True
"""Justice Kennedy quit because he and his son helped Trump launder illegal Russian money through Deutsche Bank.""",False,False
"""Rand Paul’s speech ... on 'Gattaca' was totally ripped off of Wikipedia.""",True,True
No U.S. presidents elected before Donald Trump were racist.,False,False
"Says Joe Biden ""attacked voters this primary,"" saying ""damn liar,"" ""full of s---"" and ""dog-faced pony soldier.""",True,True
The COVID-19 vaccines cause AIDS.,False,False
"""It was (Rob Portman’s) job to stop China’s illegal dumping of steel. He failed, looked the other way, did nothing.""",False,False
"Says Joe Biden said voting by mail is a way to ""fundamentally change this country,"" contradicting past statements by Barack Obama and Debbie Wasserman Schultz.",False,False
Says the lines on the signature Solo cup are actually markings to designate various measurements.,False,False
"""It costs a hell of a lot more money to put somebody in jail than send them to the University of Virginia.""",True,True
"""Joe Garcia raised utility rates on families.""",False,True
"Under President Barack Obama, income levels and unemployment numbers ""are worse now than just about ever"" for African-Americans.",False,False
"Says a ""liberal"" immigration reform group endorsed his GOP primary opponent, Dave Brat.",False,False
Says television host Steve Harvey authored a pro-Trump rant about raccoons and exterminators.,False,False
Newt Gingrich has been a proponent of selecting a president by popular vote instead of the Electoral College.,True,True
"The flu shot is ""designed to spread cancer.""",False,False
"""The Post Office advises never send cash in the mail. It’s not secure. Vote by mail?""",False,False
"""90,000 Californians are unsheltered and homeless.""",True,True
"Says Sen. John McCain ""has taken more money from Wall Street than any other sitting senator.""",True,True
"Rubio's tax swap proposal ""would have been a massive tax increase.""",False,True
"Says ""how much money the government is collecting from people...in terms of the gross domestic product"" is ""the lowest in 40, 50 years.""",True,True
"Says Lee Leffingwell has been mayor of Austin, Texas ""for about as long as Sarah Palin was governor of Alaska.""",False,True
"""We give (foreign aid) to developing countries, and 70 percent of it's stolen off the top.""",False,False
"California Gov. Gavin Newsom ""just let 76,000 inmates out of jail.""",False,False
"""Spanish was the first European language spoken in this country.""",True,True
"Says ""the number of Americans living at or below the poverty line is at its highest level since"" 1964.",True,False
"""It’s not unusual for hospitals to sit at max or near max capacity on any given day.""",True,True
"Says proponents of a bond package for the Austin school district say the district has the second-lowest bond tax rate ""among the Central Texas area school districts.""",True,True
"Under current U.S. immigration policy, ""literally one person with a green card"" can, in the extreme, bring in more than 270 of his relatives.",False,False
Says we could have saved ourselves the cost of building the Powell Butte water reservoir.,False,True
"Based on current trends, ""15.5 million girls will be married in the next 16 years as children.""",True,True
"The Senate version of the health care reform bill ""allows taxpayer money to pay directly for abortion in federal community health centers funded in the bill.""",False,True
"When Colorado  eased its medical marijuana laws, fatal accidents involving pot-using drivers soared while overall traffic fatalities decreased.",True,False
"Labor union president Andy Stern is ""the most frequent visitor"" at the White House.",False,True
"Blue Cross’ new $90-million Providence headquarters ""was outfitted with $25 million in decor.""",False,True
"""COVID cases in India plummet after government promotes ivermectin and hydroxychloroquine use.""",False,False
"The government is closing businesses to stop the spread of coronavirus even though ""the numbers are nothing compared to H1N1 or Ebola. Everyone needs to realize our government is up to something ...""",False,False
"The Bundy Ranch deal is all about Nevada Sen. Harry Reid ""using federal violence to take people’s land in his state so he can package it to re-sell it to the Chinese.""",False,False
"""Joe Biden tells voters he's 'going to beat Joe Biden.'""",False,False
"""In 2020 we won (Wisconsin).""",False,False
"The National Defense Authorization Act for fiscal year 2019 ""includes the largest pay raise in nearly 10 years.""",True,True
A yearbook photo shows Mark Kelly dressed as Adolf Hitler.,False,False
"""(Chris Christie) has not paid one dollar of state money into our pension system, and then states that the system is broke.""",True,True
"""I recently had the opportunity to vote to give the president limited authority to begin strikes against terrorists in Iraq and Syria.""",False,True
"""In Africa, a child dies every minute because of (malaria).""",True,False
"""The Trans-Texas Corridor is dead.""",True,True
"""Iran will be shooting at our soldiers with bullets, etc., purchased with the $150 billion Obama gave them.""",False,False
"A video of Mark Zuckerberg shows him talking about controlling ""billions of people’s stolen data"" to control the future.",False,True
"Says ""the headlines … tell the story"" of how Walker has ""mismanaged"" Milwaukee County",False,True
"Health care reform legislation is ""likely to mandate free ‘sex change’ surgeries.""",False,False
A photo shows a massive crowd at a recent Florida rally for Donald Trump.,False,True
"Six convictions are connected to an allegation by prosecutors ""that Gov. Scott Walker is at the center of a criminal scheme.""",False,True
"The Gates Foundation ""tested a polio vax in India between 2000 & 2017 and paralysed 496,000 children.""",False,False
"""Sen. Rubio has the worst vote attendance record of any Florida senator in nearly 50 years.""",True,True
"""Things like … having Friday classes have been shown to be very effective on college campuses"" in reducing drinking.",True,False
"""One out of every 30 people in the Greater Boston area is an illegal alien.""",True,True
